air_force_blue_raf,blue,#5d8aa8,93,138,168
air_force_blue_usaf,blue,#00308f,0,48,143
air_superiority_blue,blue,#72a0c1,114,160,193
alabama_crimson,red,#a32638,163,38,56
alice_blue,white,#f0f8ff,240,248,255
alizarin_crimson,red,#e32636,227,38,54
alloy_orange,orange,#c46210,196,98,16
almond,white,#efdecd,239,222,205
amaranth,red,#e52b50,229,43,80
amber,red,#ffbf00,255,191,0
amber_sae_ece,red,#ff7e00,255,126,0
american_rose,red,#ff033e,255,3,62
amethyst,purple,#96c,153,102,204
android_green,green,#a4c639,164,198,57
anti_flash_white,white,#f2f3f4,242,243,244
antique_brass,brown,#cd9575,205,149,117
antique_fuchsia,brown,#915c83,145,92,131
antique_ruby,brown,#841b2d,132,27,45
antique_white,white,#faebd7,250,235,215
ao_english,green,#008000,0,128,0
apple_green,green,#8db600,141,182,0
apricot,pink,#fbceb1,251,206,177
aqua,blue,#0ff,0,255,255
aquamarine,blue,#7fffd4,127,255,212
army_green,green,#4b5320,75,83,32
arsenic,gray,#3b444b,59,68,75
arylide_yellow,yellow,#e9d66b,233,214,107
ash_grey,gray,#b2beb5,178,190,181
asparagus,green,#87a96b,135,169,107
atomic_tangerine,orange,#f96,255,153,102
auburn,red,#a52a2a,165,42,42
aureolin,yellow,#fdee00,253,238,0
aurometalsaurus,blue,#6e7f80,110,127,128
avocado,green,#568203,86,130,3
azure,green,#007fff,0,127,255
azure_mist_web,white,#f0ffff,240,255,255
baby_blue,blue,#89cff0,137,207,240
baby_blue_eyes,blue,#a1caf1,161,202,241
baby_pink,pink,#f4c2c2,244,194,194
ball_blue,blue,#21abcd,33,171,205
banana_mania,yellow,#fae7b5,250,231,181
banana_yellow,yellow,#ffe135,255,225,53
barn_red,red,#7c0a02,124,10,2
battleship_grey,gray,#848482,132,132,130
bazaar,brown,#98777b,152,119,123
beau_blue,blue,#bcd4e6,188,212,230
beaver,brown,#9f8170,159,129,112
beige,white,#f5f5dc,245,245,220
big_dip_o_ruby,red,#9c2542,156,37,66
bisque,yellow,#ffe4c4,255,228,196
bistre,brown,#3d2b1f,61,43,31
bittersweet,orange,#fe6f5e,254,111,94
bittersweet_shimmer,brown,#bf4f51,191,79,81
black,black,#000,0,0,0
black_bean,black,#3d0c02,61,12,2
black_leather_jacket,black,#253529,37,53,41
black_olive,green,#3b3c36,59,60,54
blanched_almond,white,#ffebcd,255,235,205
blast_off_bronze,brown,#a57164,165,113,100
bleu_de_france,blue,#318ce7,49,140,231
blizzard_blue,blue,#ace5ee,172,229,238
blond,yellow,#faf0be,250,240,190
blue,blue,#00f,0,0,255
blue_bell,blue,#a2a2d0,162,162,208
blue_crayola,blue,#1f75fe,31,117,254
blue_gray,blue,#69c,102,153,204
blue_green,blue,#0d98ba,13,152,186
blue_munsell,blue,#0093af,0,147,175
blue_ncs,blue,#0087bd,0,135,189
blue_pigment,blue,#339,51,51,153
blue_ryb,blue,#0247fe,2,71,254
blue_sapphire,blue,#126180,18,97,128
blue_violet,blue,#8a2be2,138,43,226
blush,pink,#de5d83,222,93,131
bole,yellow,#79443b,121,68,59
bondi_blue,blue,#0095b6,0,149,182
bone,yellow,#e3dac9,227,218,201
boston_university_red,red,#c00,204,0,0
bottle_green,green,#006a4e,0,106,78
boysenberry,brown,#873260,135,50,96
brandeis_blue,blue,#0070ff,0,112,255
brass,brown,#b5a642,181,166,66
brick_red,red,#cb4154,203,65,84
bright_cerulean,blue,#1dacd6,29,172,214
bright_green,green,#6f0,102,255,0
bright_lavender,purple,#bf94e4,191,148,228
bright_maroon,red,#c32148,195,33,72
bright_pink,pink,#ff007f,255,0,127
bright_turquoise,blue,#08e8de,8,232,222
bright_ube,purple,#d19fe8,209,159,232
brilliant_lavender,purple,#f4bbff,244,187,255
brilliant_rose,red,#ff55a3,255,85,163
brink_pink,pink,#fb607f,251,96,127
british_racing_green,green,#004225,0,66,37
bronze,brown,#cd7f32,205,127,50
brown_traditional,brown,#964b00,150,75,0
brown_web,brown,#a52a2a,165,42,42
bubble_gum,red,#ffc1cc,255,193,204
bubbles,white,#e7feff,231,254,255
buff,yellow,#f0dc82,240,220,130
bulgarian_rose,red,#480607,72,6,7
burgundy,red,#800020,128,0,32
burlywood,orange,#deb887,222,184,135
burnt_orange,orange,#c50,204,85,0
burnt_sienna,red,#e97451,233,116,81
burnt_umber,red,#8a3324,138,51,36
byzantine,red,#bd33a4,189,51,164
byzantium,red,#702963,112,41,99
cadet,blue,#536872,83,104,114
cadet_blue,blue,#5f9ea0,95,158,160
cadet_grey,gray,#91a3b0,145,163,176
cadmium_green,green,#006b3c,0,107,60
cadmium_orange,orange,#ed872d,237,135,45
cadmium_red,red,#e30022,227,0,34
cadmium_yellow,yellow,#fff600,255,246,0
caf_au_lait,yellow,#a67b5b,166,123,91
caf_noir,red,#4b3621,75,54,33
cal_poly_green,green,#1e4d2b,30,77,43
cambridge_blue,blue,#a3c1ad,163,193,173
camel,yellow,#c19a6b,193,154,107
cameo_pink,pink,#efbbcc,239,187,204
camouflage_green,green,#78866b,120,134,107
canary_yellow,yellow,#ffef00,255,239,0
candy_apple_red,red,#ff0800,255,8,0
candy_pink,pink,#e4717a,228,113,122
capri,blue,#00bfff,0,191,255
caput_mortuum,brown,#592720,89,39,32
cardinal,red,#c41e3a,196,30,58
caribbean_green,green,#0c9,0,204,153
carmine,red,#960018,150,0,24
carmine_m_p,red,#d70040,215,0,64
carmine_pink,pink,#eb4c42,235,76,66
carmine_red,red,#ff0038,255,0,56
carnation_pink,pink,#ffa6c9,255,166,201
carnelian,red,#b31b1b,179,27,27
carolina_blue,blue,#99badd,153,186,221
carrot_orange,orange,#ed9121,237,145,33
catalina_blue,blue,#062a78,6,42,120
ceil,blue,#92a1cf,146,161,207
celadon,yellow,#ace1af,172,225,175
celadon_blue,blue,#007ba7,0,123,167
celadon_green,green,#2f847c,47,132,124
celeste_colour,blue,#b2ffff,178,255,255
celestial_blue,blue,#4997d0,73,151,208
cerise,red,#de3163,222,49,99
cerise_pink,pink,#ec3b83,236,59,131
cerulean,blue,#007ba7,0,123,167
cerulean_blue,blue,#2a52be,42,82,190
cerulean_frost,blue,#6d9bc3,109,155,195
cg_blue,blue,#007aa5,0,122,165
cg_red,red,#e03c31,224,60,49
chamoisee,yellow,#a0785a,160,120,90
champagne,yellow,#fad6a5,250,214,165
charcoal,black,#36454f,54,69,79
charm_pink,pink,#e68fac,230,143,172
chartreuse_traditional,yellow,#dfff00,223,255,0
chartreuse_web,yellow,#7fff00,127,255,0
cherry,red,#de3163,222,49,99
cherry_blossom_pink,pink,#ffb7c5,255,183,197
chestnut,red,#cd5c5c,205,92,92
china_pink,pink,#de6fa1,222,111,161
china_rose,red,#a8516e,168,81,110
chinese_red,red,#aa381e,170,56,30
chocolate_traditional,brown,#7b3f00,123,63,0
chocolate_web,brown,#d2691e,210,105,30
chrome_yellow,yellow,#ffa700,255,167,0
cinereous,orange,#98817b,152,129,123
cinnabar,red,#e34234,227,66,52
cinnamon,red,#d2691e,210,105,30
citrine,yellow,#e4d00a,228,208,10
classic_rose,red,#fbcce7,251,204,231
cobalt,blue,#0047ab,0,71,171
cocoa_brown,brown,#d2691e,210,105,30
coffee,brown,#6f4e37,111,78,55
columbia_blue,blue,#9bddff,155,221,255
congo_pink,pink,#f88379,248,131,121
cool_black,black,#002e63,0,46,99
cool_grey,gray,#8c92ac,140,146,172
copper,orange,#b87333,184,115,51
copper_crayola,orange,#da8a67,218,138,103
copper_penny,orange,#ad6f69,173,111,105
copper_red,red,#cb6d51,203,109,81
copper_rose,red,#966,153,102,102
coquelicot,yellow,#ff3800,255,56,0
coral,red,#ff7f50,255,127,80
coral_pink,pink,#f88379,248,131,121
coral_red,red,#ff4040,255,64,64
cordovan,green,#893f45,137,63,69
corn,green,#fbec5d,251,236,93
cornell_red,red,#b31b1b,179,27,27
cornflower_blue,blue,#6495ed,100,149,237
cornsilk,white,#fff8dc,255,248,220
cosmic_latte,white,#fff8e7,255,248,231
cotton_candy,green,#ffbcd9,255,188,217
cream,yellow,#fffdd0,255,253,208
crimson,red,#dc143c,220,20,60
crimson_glory,red,#be0032,190,0,50
cyan,blue,#0ff,0,255,255
cyan_process,blue,#00b7eb,0,183,235
daffodil,yellow,#ffff31,255,255,49
dandelion,yellow,#f0e130,240,225,48
dark_blue,blue,#00008b,0,0,139
dark_brown,brown,#654321,101,67,33
dark_byzantium,purple,#5d3954,93,57,84
dark_candy_apple_red,red,#a40000,164,0,0
dark_cerulean,blue,#08457e,8,69,126
dark_chestnut,brown,#986960,152,105,96
dark_coral,red,#cd5b45,205,91,69
dark_cyan,green,#008b8b,0,139,139
dark_electric_blue,blue,#536878,83,104,120
dark_goldenrod,yellow,#b8860b,184,134,11
dark_gray,gray,#a9a9a9,169,169,169
dark_green,green,#013220,1,50,32
dark_imperial_blue,blue,#00416a,0,65,106
dark_jungle_green,black,#1a2421,26,36,33
dark_khaki,yellow,#bdb76b,189,183,107
dark_lava,brown,#483c32,72,60,50
dark_lavender,purple,#734f96,115,79,150
dark_magenta,purple,#8b008b,139,0,139
dark_midnight_blue,blue,#036,0,51,102
dark_olive_green,green,#556b2f,85,107,47
dark_orange,orange,#ff8c00,255,140,0
dark_orchid,blue,#9932cc,153,50,204
dark_pastel_blue,blue,#779ecb,119,158,203
dark_pastel_green,green,#03c03c,3,192,60
dark_pastel_purple,purple,#966fd6,150,111,214
dark_pastel_red,red,#c23b22,194,59,34
dark_pink,pink,#e75480,231,84,128
dark_powder_blue,blue,#039,0,51,153
dark_raspberry,red,#872657,135,38,87
dark_red,red,#8b0000,139,0,0
dark_salmon,brown,#e9967a,233,150,122
dark_scarlet,red,#560319,86,3,25
dark_sea_green,green,#8fbc8f,143,188,143
dark_sienna,black,#3c1414,60,20,20
dark_slate_blue,blue,#483d8b,72,61,139
dark_slate_gray,gray,#2f4f4f,47,79,79
dark_spring_green,green,#177245,23,114,69
dark_tan,green,#918151,145,129,81
dark_tangerine,orange,#ffa812,255,168,18
dark_taupe,black,#483c32,72,60,50
dark_terra_cotta,brown,#cc4e5c,204,78,92
dark_turquoise,blue,#00ced1,0,206,209
dark_violet,purple,#9400d3,148,0,211
dark_yellow,yellow,#9b870c,155,135,12
dartmouth_green,green,#00703c,0,112,60
davy_s_grey,gray,#555,85,85,85
debian_red,red,#d70a53,215,10,83
deep_carmine,red,#a9203e,169,32,62
deep_carmine_pink,pink,#ef3038,239,48,56
deep_carrot_orange,orange,#e9692c,233,105,44
deep_cerise,purple,#da3287,218,50,135
deep_champagne,red,#fad6a5,250,214,165
deep_chestnut,brown,#b94e48,185,78,72
deep_coffee,brown,#704241,112,66,65
deep_fuchsia,red,#c154c1,193,84,193
deep_jungle_green,green,#004b49,0,75,73
deep_lilac,purple,#95b,153,85,187
deep_magenta,purple,#c0c,204,0,204
deep_peach,pink,#ffcba4,255,203,164
deep_pink,pink,#ff1493,255,20,147
deep_ruby,red,#843f5b,132,63,91
deep_saffron,orange,#f93,255,153,51
deep_sky_blue,blue,#00bfff,0,191,255
deep_tuscan_red,red,#66424d,102,66,77
denim,blue,#1560bd,21,96,189
desert,brown,#c19a6b,193,154,107
desert_sand,white,#edc9af,237,201,175
dim_gray,gray,#696969,105,105,105
dodger_blue,blue,#1e90ff,30,144,255
dogwood_rose,red,#d71868,215,24,104
dollar_bill,green,#85bb65,133,187,101
drab,red,#967117,150,113,23
duke_blue,blue,#00009c,0,0,156
earth_yellow,yellow,#e1a95f,225,169,95
ebony,black,#555d50,85,93,80
ecru,red,#c2b280,194,178,128
eggplant,black,#614051,97,64,81
eggshell,white,#f0ead6,240,234,214
egyptian_blue,blue,#1034a6,16,52,166
electric_blue,blue,#7df9ff,125,249,255
electric_crimson,red,#ff003f,255,0,63
electric_cyan,green,#0ff,0,255,255
electric_green,green,#0f0,0,255,0
electric_indigo,blue,#6f00ff,111,0,255
electric_lavender,purple,#f4bbff,244,187,255
electric_lime,yellow,#cf0,204,255,0
electric_purple,purple,#bf00ff,191,0,255
electric_ultramarine,blue,#3f00ff,63,0,255
electric_violet,purple,#8f00ff,143,0,255
electric_yellow,yellow,#ff0,255,255,0
emerald,green,#50c878,80,200,120
english_lavender,purple,#b48395,180,131,149
eton_blue,blue,#96c8a2,150,200,162
fallow,yellow,#c19a6b,193,154,107
falu_red,red,#801818,128,24,24
fandango,pink,#b53389,181,51,137
fashion_fuchsia,pink,#f400a1,244,0,161
fawn,red,#e5aa70,229,170,112
feldgrau,gray,#4d5d53,77,93,83
fern_green,green,#4f7942,79,121,66
ferrari_red,red,#ff2800,255,40,0
field_drab,red,#6c541e,108,84,30
fire_engine_red,red,#ce2029,206,32,41
firebrick,red,#b22222,178,34,34
flame,red,#e25822,226,88,34
flamingo_pink,pink,#fc8eac,252,142,172
flavescent,yellow,#f7e98e,247,233,142
flax,yellow,#eedc82,238,220,130
floral_white,white,#fffaf0,255,250,240
fluorescent_orange,orange,#ffbf00,255,191,0
fluorescent_pink,pink,#ff1493,255,20,147
fluorescent_yellow,yellow,#cf0,204,255,0
folly,red,#ff004f,255,0,79
forest_green_traditional,green,#014421,1,68,33
forest_green_web,green,#228b22,34,139,34
french_beige,white,#a67b5b,166,123,91
french_blue,blue,#0072bb,0,114,187
french_lilac,purple,#86608e,134,96,142
french_lime,yellow,#cf0,204,255,0
french_raspberry,purple,#c72c48,199,44,72
french_rose,red,#f64a8a,246,74,138
fuchsia,purple,#f0f,255,0,255
fuchsia_crayola,purple,#c154c1,193,84,193
fuchsia_pink,pink,#f7f,255,119,255
fuchsia_rose,red,#c74375,199,67,117
fulvous,yellow,#e48400,228,132,0
fuzzy_wuzzy,red,#c66,204,102,102
gainsboro,gray,#dcdcdc,220,220,220
gamboge,red,#e49b0f,228,155,15
ghost_white,white,#f8f8ff,248,248,255
ginger,yellow,#b06500,176,101,0
glaucous,blue,#6082b6,96,130,182
glitter,white,#e6e8fa,230,232,250
gold_metallic,yellow,#d4af37,212,175,55
gold_web_golden,yellow,#ffd700,255,215,0
golden_brown,brown,#996515,153,101,21
golden_poppy,yellow,#fcc200,252,194,0
golden_yellow,yellow,#ffdf00,255,223,0
goldenrod,yellow,#daa520,218,165,32
granny_smith_apple,green,#a8e4a0,168,228,160
gray,gray,#808080,128,128,128
gray_asparagus,gray,#465945,70,89,69
gray_html_css_gray,gray,#808080,128,128,128
gray_x11_gray,gray,#bebebe,190,190,190
green_color_wheel_x11_green,green,#0f0,0,255,0
green_crayola,green,#1cac78,28,172,120
green_html_css_green,green,#008000,0,128,0
green_munsell,green,#00a877,0,168,119
green_ncs,green,#009f6b,0,159,107
green_pigment,green,#00a550,0,165,80
green_ryb,green,#66b032,102,176,50
green_yellow,yellow,#adff2f,173,255,47
grullo,yellow,#a99a86,169,154,134
guppie_green,green,#00ff7f,0,255,127
halay_be,blue,#663854,102,56,84
han_blue,blue,#446ccf,68,108,207
han_purple,purple,#5218fa,82,24,250
hansa_yellow,yellow,#e9d66b,233,214,107
harlequin,green,#3fff00,63,255,0
harvard_crimson,red,#c90016,201,0,22
harvest_gold,yellow,#da9100,218,145,0
heart_gold,yellow,#808000,128,128,0
heliotrope,purple,#df73ff,223,115,255
hollywood_cerise,red,#f400a1,244,0,161
honeydew,white,#f0fff0,240,255,240
honolulu_blue,blue,#007fbf,0,127,191
hooker_s_green,green,#49796b,73,121,107
hot_magenta,red,#ff1dce,255,29,206
hot_pink,pink,#ff69b4,255,105,180
hunter_green,green,#355e3b,53,94,59
iceberg,blue,#71a6d2,113,166,210
icterine,white,#fcf75e,252,247,94
imperial_blue,blue,#002395,0,35,149
inchworm,green,#b2ec5d,178,236,93
india_green,green,#138808,19,136,8
indian_red,red,#cd5c5c,205,92,92
indian_yellow,yellow,#e3a857,227,168,87
indigo,blue,#6f00ff,111,0,255
indigo_dye,blue,#00416a,0,65,106
indigo_web,blue,#4b0082,75,0,130
international_klein_blue,blue,#002fa7,0,47,167
international_orange_aerospace,orange,#ff4f00,255,79,0
international_orange_engineering,orange,#ba160c,186,22,12
international_orange_golden_gate_bridge,orange,#c0362c,192,54,44
iris,blue,#5a4fcf,90,79,207
isabelline,white,#f4f0ec,244,240,236
islamic_green,green,#009000,0,144,0
ivory,white,#fffff0,255,255,240
jade,green,#00a86b,0,168,107
jasmine,yellow,#f8de7e,248,222,126
jasper,red,#d73b3e,215,59,62
jazzberry_jam,red,#a50b5e,165,11,94
jet,black,#343434,52,52,52
jonquil,yellow,#fada5e,250,218,94
june_bud,yellow,#bdda57,189,218,87
jungle_green,green,#29ab87,41,171,135
kelly_green,green,#4cbb17,76,187,23
kenyan_copper,green,#7c1c05,124,28,5
khaki_html_css_khaki,yellow,#c3b091,195,176,145
khaki_x11_light_khaki,yellow,#f0e68c,240,230,140
ku_crimson,red,#e8000d,232,0,13
la_salle_green,green,#087830,8,120,48
languid_lavender,purple,#d6cadd,214,202,221
lapis_lazuli,blue,#26619c,38,97,156
laser_lemon,yellow,#fefe22,254,254,34
laurel_green,green,#a9ba9d,169,186,157
lava,red,#cf1020,207,16,32
lavender_blue,blue,#ccf,204,204,255
lavender_blush,white,#fff0f5,255,240,245
lavender_floral,purple,#b57edc,181,126,220
lavender_gray,gray,#c4c3d0,196,195,208
lavender_indigo,purple,#9457eb,148,87,235
lavender_magenta,purple,#ee82ee,238,130,238
lavender_mist,purple,#e6e6fa,230,230,250
lavender_pink,pink,#fbaed2,251,174,210
lavender_purple,purple,#967bb6,150,123,182
lavender_rose,red,#fba0e3,251,160,227
lavender_web,purple,#e6e6fa,230,230,250
lawn_green,green,#7cfc00,124,252,0
lemon,yellow,#fff700,255,247,0
lemon_chiffon,yellow,#fffacd,255,250,205
lemon_lime,yellow,#e3ff00,227,255,0
licorice,black,#1a1110,26,17,16
light_apricot,yellow,#fdd5b1,253,213,177
light_blue,blue,#add8e6,173,216,230
light_brown,brown,#b5651d,181,101,29
light_carmine_pink,pink,#e66771,230,103,113
light_coral,pink,#f08080,240,128,128
light_cornflower_blue,blue,#93ccea,147,204,234
light_crimson,red,#f56991,245,105,145
light_cyan,green,#e0ffff,224,255,255
light_fuchsia_pink,pink,#f984ef,249,132,239
light_goldenrod_yellow,yellow,#fafad2,250,250,210
light_gray,gray,#d3d3d3,211,211,211
light_green,green,#90ee90,144,238,144
light_khaki,yellow,#f0e68c,240,230,140
light_pastel_purple,purple,#b19cd9,177,156,217
light_pink,pink,#ffb6c1,255,182,193
light_red_ochre,red,#e97451,233,116,81
light_salmon,red,#ffa07a,255,160,122
light_salmon_pink,pink,#f99,255,153,153
light_sea_green,green,#20b2aa,32,178,170
light_sky_blue,blue,#87cefa,135,206,250
light_slate_gray,gray,#789,119,136,153
light_taupe,red,#b38b6d,179,139,109
light_thulian_pink,pink,#e68fac,230,143,172
light_yellow,yellow,#ffffe0,255,255,224
lilac,purple,#c8a2c8,200,162,200
lime_color_wheel,yellow,#bfff00,191,255,0
lime_green,green,#32cd32,50,205,50
lime_web_x11_green,green,#0f0,0,255,0
limerick,yellow,#9dc209,157,194,9
lincoln_green,green,#195905,25,89,5
linen,white,#faf0e6,250,240,230
lion,yellow,#c19a6b,193,154,107
little_boy_blue,blue,#6ca0dc,108,160,220
liver,black,#534b4f,83,75,79
lust,red,#e62020,230,32,32
magenta,purple,#f0f,255,0,255
magenta_dye,purple,#ca1f7b,202,31,123
magenta_process,purple,#ff0090,255,0,144
magic_mint,green,#aaf0d1,170,240,209
magnolia,white,#f8f4ff,248,244,255
mahogany,orange,#c04000,192,64,0
maize,yellow,#fbec5d,251,236,93
majorelle_blue,blue,#6050dc,96,80,220
malachite,green,#0bda51,11,218,81
manatee,blue,#979aaa,151,154,170
mango_tango,yellow,#ff8243,255,130,67
mantis,green,#74c365,116,195,101
mardi_gras,purple,#880085,136,0,133
maroon_crayola,red,#c32148,195,33,72
maroon_html_css,red,#800000,128,0,0
maroon_x11,red,#b03060,176,48,96
mauve,purple,#e0b0ff,224,176,255
mauve_taupe,red,#915f6d,145,95,109
mauvelous,red,#ef98aa,239,152,170
maya_blue,blue,#73c2fb,115,194,251
meat_brown,brown,#e5b73b,229,183,59
medium_aquamarine,blue,#6da,102,221,170
medium_blue,blue,#0000cd,0,0,205
medium_candy_apple_red,red,#e2062c,226,6,44
medium_carmine,red,#af4035,175,64,53
medium_champagne,yellow,#f3e5ab,243,229,171
medium_electric_blue,blue,#035096,3,80,150
medium_jungle_green,green,#1c352d,28,53,45
medium_lavender_magenta,purple,#dda0dd,221,160,221
medium_orchid,purple,#ba55d3,186,85,211
medium_persian_blue,blue,#0067a5,0,103,165
medium_purple,purple,#9370db,147,112,219
medium_red_violet,red,#bb3385,187,51,133
medium_ruby,red,#aa4069,170,64,105
medium_sea_green,green,#3cb371,60,179,113
medium_slate_blue,blue,#7b68ee,123,104,238
medium_spring_bud,yellow,#c9dc87,201,220,135
medium_spring_green,green,#00fa9a,0,250,154
medium_taupe,red,#674c47,103,76,71
medium_turquoise,blue,#48d1cc,72,209,204
medium_tuscan_red,red,#79443b,121,68,59
medium_vermilion,red,#d9603b,217,96,59
medium_violet_red,red,#c71585,199,21,133
mellow_apricot,red,#f8b878,248,184,120
mellow_yellow,yellow,#f8de7e,248,222,126
melon,red,#fdbcb4,253,188,180
midnight_blue,blue,#191970,25,25,112
midnight_green_eagle_green,green,#004953,0,73,83
mikado_yellow,yellow,#ffc40c,255,196,12
mint,green,#3eb489,62,180,137
mint_cream,white,#f5fffa,245,255,250
mint_green,green,#98ff98,152,255,152
misty_rose,red,#ffe4e1,255,228,225
moccasin,white,#faebd7,250,235,215
mode_beige,white,#967117,150,113,23
moonstone_blue,blue,#73a9c2,115,169,194
mordant_red_19,red,#ae0c00,174,12,0
moss_green,green,#addfad,173,223,173
mountain_meadow,green,#30ba8f,48,186,143
mountbatten_pink,pink,#997a8d,153,122,141
msu_green,green,#18453b,24,69,59
mulberry,purple,#c54b8c,197,75,140
mustard,yellow,#ffdb58,255,219,88
myrtle,black,#21421e,33,66,30
nadeshiko_pink,pink,#f6adc6,246,173,198
napier_green,green,#2a8000,42,128,0
naples_yellow,yellow,#fada5e,250,218,94
navajo_white,white,#ffdead,255,222,173
navy_blue,blue,#000080,0,0,128
neon_carrot,red,#ffa343,255,163,67
neon_fuchsia,red,#fe4164,254,65,100
neon_green,green,#39ff14,57,255,20
new_york_pink,pink,#d7837f,215,131,127
non_photo_blue,blue,#a4dded,164,221,237
north_texas_green,green,#059033,5,144,51
ocean_boat_blue,blue,#0077be,0,119,190
ochre,red,#c72,204,119,34
office_green,green,#008000,0,128,0
old_gold,yellow,#cfb53b,207,181,59
old_lace,white,#fdf5e6,253,245,230
old_lavender,purple,#796878,121,104,120
old_mauve,red,#673147,103,49,71
old_rose,red,#c08081,192,128,129
olive,green,#808000,128,128,0
olive_drab_7,green,#3c341f,60,52,31
olive_drab_web_olive_drab_3,green,#6b8e23,107,142,35
olivine,green,#9ab973,154,185,115
onyx,black,#353839,53,56,57
opera_mauve,purple,#b784a7,183,132,167
orange_color_wheel,orange,#ff7f00,255,127,0
orange_peel,orange,#ff9f00,255,159,0
orange_red,red,#ff4500,255,69,0
orange_ryb,orange,#fb9902,251,153,2
orange_web_color,orange,#ffa500,255,165,0
orchid,purple,#da70d6,218,112,214
otter_brown,brown,#654321,101,67,33
ou_crimson_red,red,#900,153,0,0
outer_space,black,#414a4c,65,74,76
outrageous_orange,orange,#ff6e4a,255,110,74
oxford_blue,blue,#002147,0,33,71
pakistan_green,green,#060,0,102,0
palatinate_blue,blue,#273be2,39,59,226
palatinate_purple,purple,#682860,104,40,96
pale_aqua,blue,#bcd4e6,188,212,230
pale_blue,blue,#afeeee,175,238,238
pale_brown,brown,#987654,152,118,84
pale_carmine,red,#af4035,175,64,53
pale_cerulean,blue,#9bc4e2,155,196,226
pale_chestnut,red,#ddadaf,221,173,175
pale_copper,red,#da8a67,218,138,103
pale_cornflower_blue,blue,#abcdef,171,205,239
pale_gold,yellow,#e6be8a,230,190,138
pale_goldenrod,yellow,#eee8aa,238,232,170
pale_green,green,#98fb98,152,251,152
pale_lavender,purple,#dcd0ff,220,208,255
pale_magenta,purple,#f984e5,249,132,229
pale_pink,pink,#fadadd,250,218,221
pale_plum,purple,#dda0dd,221,160,221
pale_red_violet,red,#db7093,219,112,147
pale_robin_egg_blue,blue,#96ded1,150,222,209
pale_silver,white,#c9c0bb,201,192,187
pale_spring_bud,white,#ecebbd,236,235,189
pale_taupe,yellow,#bc987e,188,152,126
pale_violet_red,red,#db7093,219,112,147
pansy_purple,purple,#78184a,120,24,74
papaya_whip,yellow,#ffefd5,255,239,213
paris_green,green,#50c878,80,200,120
pastel_blue,blue,#aec6cf,174,198,207
pastel_brown,brown,#836953,131,105,83
pastel_gray,gray,#cfcfc4,207,207,196
pastel_green,green,#7d7,119,221,119
pastel_magenta,purple,#f49ac2,244,154,194
pastel_orange,orange,#ffb347,255,179,71
pastel_pink,pink,#dea5a4,222,165,164
pastel_purple,purple,#b39eb5,179,158,181
pastel_red,red,#ff6961,255,105,97
pastel_violet,purple,#cb99c9,203,153,201
pastel_yellow,yellow,#fdfd96,253,253,150
patriarch,purple,#800080,128,0,128
payne_s_grey,gray,#536878,83,104,120
peach,orange,#ffe5b4,255,229,180
peach_crayola,yellow,#ffcba4,255,203,164
peach_orange,orange,#fc9,255,204,153
peach_puff,pink,#ffdab9,255,218,185
peach_yellow,yellow,#fadfad,250,223,173
pear,yellow,#d1e231,209,226,49
pearl,white,#eae0c8,234,224,200
pearl_aqua,blue,#88d8c0,136,216,192
pearly_purple,purple,#b768a2,183,104,162
peridot,yellow,#e6e200,230,226,0
periwinkle,white,#ccf,204,204,255
persian_blue,blue,#1c39bb,28,57,187
persian_green,green,#00a693,0,166,147
persian_indigo,blue,#32127a,50,18,122
persian_orange,orange,#d99058,217,144,88
persian_pink,pink,#f77fbe,247,127,190
persian_plum,red,#701c1c,112,28,28
persian_red,red,#c33,204,51,51
persian_rose,red,#fe28a2,254,40,162
persimmon,green,#ec5800,236,88,0
peru,red,#cd853f,205,133,63
phlox,purple,#df00ff,223,0,255
phthalo_blue,blue,#000f89,0,15,137
phthalo_green,green,#123524,18,53,36
piggy_pink,pink,#fddde6,253,221,230
pine_green,green,#01796f,1,121,111
pink,pink,#ffc0cb,255,192,203
pink_lace,pink,#ffddf4,255,221,244
pink_orange,orange,#f96,255,153,102
pink_pearl,pink,#e7accf,231,172,207
pink_sherbet,pink,#f78fa7,247,143,167
pistachio,yellow,#93c572,147,197,114
platinum,white,#e5e4e2,229,228,226
plum_traditional,pink,#8e4585,142,69,133
plum_web,yellow,#dda0dd,221,160,221
portland_orange,orange,#ff5a36,255,90,54
powder_blue_web,blue,#b0e0e6,176,224,230
princeton_orange,orange,#ff8f00,255,143,0
prune,red,#701c1c,112,28,28
prussian_blue,blue,#003153,0,49,83
psychedelic_purple,purple,#df00ff,223,0,255
puce,purple,#c89,204,136,153
pumpkin,orange,#ff7518,255,117,24
purple_heart,purple,#69359c,105,53,156
purple_html_css,purple,#800080,128,0,128
purple_mountain_majesty,purple,#9678b6,150,120,182
purple_munsell,purple,#9f00c5,159,0,197
purple_pizzazz,purple,#fe4eda,254,78,218
purple_taupe,purple,#50404d,80,64,77
purple_x11,purple,#a020f0,160,32,240
quartz,gray,#51484f,81,72,79
rackley,blue,#5d8aa8,93,138,168
radical_red,red,#ff355e,255,53,94
rajah,yellow,#fbab60,251,171,96
raspberry,red,#e30b5d,227,11,93
raspberry_glace,red,#915f6d,145,95,109
raspberry_pink,pink,#e25098,226,80,152
raspberry_rose,red,#b3446c,179,68,108
raw_umber,red,#826644,130,102,68
razzle_dazzle_rose,red,#f3c,255,51,204
razzmatazz,red,#e3256b,227,37,107
red,red,#f00,255,0,0
red_brown,red,#a52a2a,165,42,42
red_devil,red,#860111,134,1,17
red_munsell,red,#f2003c,242,0,60
red_ncs,red,#c40233,196,2,51
red_orange,red,#ff5349,255,83,73
red_pigment,red,#ed1c24,237,28,36
red_ryb,red,#fe2712,254,39,18
red_violet,red,#c71585,199,21,133
redwood,red,#ab4e52,171,78,82
regalia,blue,#522d80,82,45,128
resolution_blue,blue,#002387,0,35,135
rich_black,black,#004040,0,64,64
rich_brilliant_lavender,purple,#f1a7fe,241,167,254
rich_carmine,red,#d70040,215,0,64
rich_electric_blue,blue,#0892d0,8,146,208
rich_lavender,purple,#a76bcf,167,107,207
rich_lilac,purple,#b666d2,182,102,210
rich_maroon,red,#b03060,176,48,96
rifle_green,green,#414833,65,72,51
robin_egg_blue,blue,#0cc,0,204,204
rose,red,#ff007f,255,0,127
rose_bonbon,red,#f9429e,249,66,158
rose_ebony,red,#674846,103,72,70
rose_gold,red,#b76e79,183,110,121
rose_madder,red,#e32636,227,38,54
rose_pink,pink,#f6c,255,102,204
rose_quartz,red,#aa98a9,170,152,169
rose_taupe,red,#905d5d,144,93,93
rose_vale,red,#ab4e52,171,78,82
rosewood,red,#65000b,101,0,11
rosso_corsa,red,#d40000,212,0,0
rosy_brown,brown,#bc8f8f,188,143,143
royal_azure,blue,#0038a8,0,56,168
royal_blue_traditional,blue,#002366,0,35,102
royal_blue_web,blue,#4169e1,65,105,225
royal_fuchsia,purple,#ca2c92,202,44,146
royal_purple,purple,#7851a9,120,81,169
royal_yellow,yellow,#fada5e,250,218,94
rubine_red,red,#d10056,209,0,86
ruby,red,#e0115f,224,17,95
ruby_red,red,#9b111e,155,17,30
ruddy,red,#ff0028,255,0,40
ruddy_brown,brown,#bb6528,187,101,40
ruddy_pink,pink,#e18e96,225,142,150
rufous,red,#a81c07,168,28,7
russet,red,#80461b,128,70,27
rust,red,#b7410e,183,65,14
rusty_red,red,#da2c43,218,44,67
sacramento_state_green,green,#00563f,0,86,63
saddle_brown,brown,#8b4513,139,69,19
safety_orange_blaze_orange,orange,#ff6700,255,103,0
saffron,orange,#f4c430,244,196,48
salmon,red,#ff8c69,255,140,105
salmon_pink,pink,#ff91a4,255,145,164
sand,Sand,#c2b280,194,178,128
sand_dune,yellow,#967117,150,113,23
sandstorm,yellow,#ecd540,236,213,64
sandy_brown,brown,#f4a460,244,164,96
sandy_taupe,brown,#967117,150,113,23
sangria,red,#92000a,146,0,10
sap_green,green,#507d2a,80,125,42
sapphire,blue,#0f52ba,15,82,186
sapphire_blue,blue,#0067a5,0,103,165
satin_sheen_gold,yellow,#cba135,203,161,53
scarlet,red,#ff2400,255,36,0
scarlet_crayola,red,#fd0e35,253,14,53
school_bus_yellow,yellow,#ffd800,255,216,0
screamin_green,green,#76ff7a,118,255,122
sea_blue,blue,#006994,0,105,148
sea_green,green,#2e8b57,46,139,87
seal_brown,brown,#321414,50,20,20
seashell,white,#fff5ee,255,245,238
selective_yellow,yellow,#ffba00,255,186,0
sepia,brown,#704214,112,66,20
shadow,brown,#8a795d,138,121,93
shamrock_green,green,#009e60,0,158,96
shocking_pink,pink,#fc0fc0,252,15,192
shocking_pink_crayola,pink,#ff6fff,255,111,255
sienna,red,#882d17,136,45,23
silver,gray,#c0c0c0,192,192,192
sinopia,red,#cb410b,203,65,11
skobeloff,green,#007474,0,116,116
sky_blue,blue,#87ceeb,135,206,235
sky_magenta,purple,#cf71af,207,113,175
slate_blue,blue,#6a5acd,106,90,205
slate_gray,gray,#708090,112,128,144
smalt_dark_powder_blue,blue,#039,0,51,153
smokey_topaz,red,#933d41,147,61,65
smoky_black,black,#100c08,16,12,8
snow,white,#fffafa,255,250,250
spiro_disco_ball,blue,#0fc0fc,15,192,252
spring_bud,yellow,#a7fc00,167,252,0
spring_green,green,#00ff7f,0,255,127
st_patrick_s_blue,blue,#23297a,35,41,122
steel_blue,blue,#4682b4,70,130,180
stil_de_grain_yellow,yellow,#fada5e,250,218,94
stizza,red,#900,153,0,0
stormcloud,blue,#4f666a,79,102,106
straw,yellow,#e4d96f,228,217,111
sunglow,yellow,#fc3,255,204,51
sunset,yellow,#fad6a5,250,214,165
tan,brown,#d2b48c,210,180,140
tangelo,red,#f94d00,249,77,0
tangerine,orange,#f28500,242,133,0
tangerine_yellow,yellow,#fc0,255,204,0
tango_pink,pink,#e4717a,228,113,122
taupe,black,#483c32,72,60,50
taupe_gray,gray,#8b8589,139,133,137
tea_green,green,#d0f0c0,208,240,192
tea_rose_orange,orange,#f88379,248,131,121
tea_rose_rose,red,#f4c2c2,244,194,194
teal,green,#008080,0,128,128
teal_blue,blue,#367588,54,117,136
teal_green,green,#00827f,0,130,127
telemagenta,purple,#cf3476,207,52,118
tenn_tawny,yellow,#cd5700,205,87,0
terra_cotta,red,#e2725b,226,114,91
thistle,purple,#d8bfd8,216,191,216
thulian_pink,pink,#de6fa1,222,111,161
tickle_me_pink,pink,#fc89ac,252,137,172
tiffany_blue,blue,#0abab5,10,186,181
tiger_s_eye,yellow,#e08d3c,224,141,60
timberwolf,gray,#dbd7d2,219,215,210
titanium_yellow,yellow,#eee600,238,230,0
tomato,orange,#ff6347,255,99,71
toolbox,blue,#746cc0,116,108,192
topaz,yellow,#ffc87c,255,200,124
tractor_red,red,#fd0e35,253,14,53
trolley_grey,gray,#808080,128,128,128
tropical_rain_forest,green,#00755e,0,117,94
true_blue,blue,#0073cf,0,115,207
tufts_blue,blue,#417dc1,65,125,193
tumbleweed,red,#deaa88,222,170,136
turkish_rose,red,#b57281,181,114,129
turquoise,blue,#30d5c8,48,213,200
turquoise_blue,blue,#00ffef,0,255,239
turquoise_green,green,#a0d6b4,160,214,180
tuscan_red,red,#7c4848,124,72,72
twilight_lavender,purple,#8a496b,138,73,107
tyrian_purple,purple,#66023c,102,2,60
ua_blue,blue,#03a,0,51,170
ua_red,red,#d9004c,217,0,76
ube,purple,#8878c3,136,120,195
ucla_blue,blue,#536895,83,104,149
ucla_gold,yellow,#ffb300,255,179,0
ufo_green,green,#3cd070,60,208,112
ultra_pink,pink,#ff6fff,255,111,255
ultramarine,blue,#120a8f,18,10,143
ultramarine_blue,blue,#4166f5,65,102,245
umber,red,#635147,99,81,71
unbleached_silk,white,#ffddca,255,221,202
united_nations_blue,blue,#5b92e5,91,146,229
university_of_california_gold,yellow,#b78727,183,135,39
unmellow_yellow,yellow,#ff6,255,255,102
up_forest_green,green,#014421,1,68,33
up_maroon,red,#7b1113,123,17,19
upsdell_red,red,#ae2029,174,32,41
urobilin,green,#e1ad21,225,173,33
usafa_blue,blue,#004f98,0,79,152
usc_cardinal,red,#900,153,0,0
usc_gold,yellow,#fc0,255,204,0
utah_crimson,red,#d3003f,211,0,63
vanilla,white,#f3e5ab,243,229,171
vegas_gold,yellow,#c5b358,197,179,88
venetian_red,red,#c80815,200,8,21
verdigris,green,#43b3ae,67,179,174
vermilion_cinnabar,red,#e34234,227,66,52
vermilion_plochere,red,#d9603b,217,96,59
veronica,purple,#a020f0,160,32,240
violet,purple,#8f00ff,143,0,255
violet_blue,blue,#324ab2,50,74,178
violet_color_wheel,purple,#7f00ff,127,0,255
violet_ryb,purple,#8601af,134,1,175
violet_web,purple,#ee82ee,238,130,238
viridian,green,#40826d,64,130,109
vivid_auburn,red,#922724,146,39,36
vivid_burgundy,red,#9f1d35,159,29,53
vivid_cerise,red,#da1d81,218,29,129
vivid_tangerine,red,#ffa089,255,160,137
vivid_violet,purple,#9f00ff,159,0,255
warm_black,black,#004242,0,66,66
waterspout,blue,#a4f4f9,164,244,249
wenge,red,#645452,100,84,82
wheat,white,#f5deb3,245,222,179
white,white,#fff,255,255,255
white_smoke,white,#f5f5f5,245,245,245
wild_blue_yonder,blue,#a2add0,162,173,208
wild_strawberry,pink,#ff43a4,255,67,164
wild_watermelon,Wild Watermelon,#fc6c85,252,108,133
wine,red,#722f37,114,47,55
wine_dregs,red,#673147,103,49,71
wisteria,red,#c9a0dc,201,160,220
wood_brown,brown,#c19a6b,193,154,107
xanadu,green,#738678,115,134,120
yale_blue,blue,#0f4d92,15,77,146
yellow,yellow,#ff0,255,255,0
yellow_green,yellow,#9acd32,154,205,50
yellow_munsell,yellow,#efcc00,239,204,0
yellow_ncs,yellow,#ffd300,255,211,0
yellow_orange,yellow,#ffae42,255,174,66
yellow_process,yellow,#ffef00,255,239,0
yellow_ryb,yellow,#fefe33,254,254,51
zaffre,blue,#0014a8,0,20,168
zinnwaldite_brown,black,#2c1608,44,22,8
